No.,File Name,Folder,Title,Show,Sort Order,Status
1,001-digital-learning-presentation-01.jpg,Pic,digital learning presentation 01,True,1,ACTIVE
2,001_Experiential_English_Course_2010_Training (Small).png,certificate,Experiential English Course 2010 Training (Small),True,2,ACTIVE
3,002-teacher-workshop-group-01.jpg,Pic,teacher workshop group 01,True,3,ACTIVE
4,003_Digital_Teacher_Course_2025_Technology (Small).png,certificate,Digital Teacher Course 2025 Technology (Small),True,4,ACTIVE
5,003-teacher-workshop-group-02.jpg,Pic,teacher workshop group 02,True,5,ACTIVE
6,004_Digital_PA_Workshop_2024_Training (Small).png,certificate,Digital PA Workshop 2024 Training (Small),True,6,ACTIVE
7,004-teacher-with-workshop-guests.jpg,Pic,teacher with workshop guests,True,7,ACTIVE
8,005_AI_Anywhere_Anytime_2025_Technology (Small).png,certificate,AI Anywhere Anytime 2025 Technology (Small),True,8,ACTIVE
9,005-robotics-workshop-group-01.jpg,Pic,robotics workshop group 01,True,9,ACTIVE
10,006-robotics-workshop-group-02.jpg,Pic,robotics workshop group 02,True,10,ACTIVE
11,007-digital-learning-presentation-02.jpg,Pic,digital learning presentation 02,True,11,ACTIVE
12,008-students-provincial-office-visit.jpg,Pic,students provincial office visit,True,12,ACTIVE
13,009-scout-community-project-group.jpg,Pic,scout community project group,True,13,ACTIVE
14,010-scout-community-service-group.jpg,Pic,scout community service group,True,14,ACTIVE
15,010_Software_Project_Competition_2022_Competition (Small).png,certificate,Software Project Competition 2022 Competition (Small),True,15,ACTIVE
16,011-school-official-meeting-group.jpg,Pic,school official meeting group,True,16,ACTIVE
17,012_Film_Editing_Competition_2022_Competition (Small).png,certificate,Film Editing Competition 2022 Competition (Small),True,17,ACTIVE
18,012-school-evaluation-meeting-01.jpg,Pic,school evaluation meeting 01,True,18,ACTIVE
19,013-school-evaluation-meeting-02.jpg,Pic,school evaluation meeting 02,True,19,ACTIVE
20,014-election-office-partnership.jpg,Pic,election office partnership,True,20,ACTIVE
21,015-school-ceremony-standing.jpg,Pic,school ceremony standing,True,21,ACTIVE
22,016-school-ceremony-stage-portrait.jpg,Pic,school ceremony stage portrait,True,22,ACTIVE
23,017-student-arts-competition-award-01.jpg,Pic,student arts competition award 01,True,23,ACTIVE
24,018-student-arts-competition-award-02.jpg,Pic,student arts competition award 02,True,24,ACTIVE
25,019-scout-field-activity-01.jpg,Pic,scout field activity 01,True,25,ACTIVE
26,020-scout-field-activity-02.jpg,Pic,scout field activity 02,True,26,ACTIVE
27,021-school-ceremony-procession-01.jpg,Pic,school ceremony procession 01,True,27,ACTIVE
28,022_Best_Practice_Exhibition_2022_Participation (Small).png,certificate,Best Practice Exhibition 2022 Participation (Small),True,28,ACTIVE
29,022-school-ceremony-procession-02.jpg,Pic,school ceremony procession 02,True,29,ACTIVE
30,023-event-media-production.jpg,Pic,event media production,True,30,ACTIVE
31,023_RCC_Dam_Knowledge_2022_Training (Small).png,certificate,RCC Dam Knowledge 2022 Training (Small),True,31,ACTIVE
32,024_Democracy_Scout_Training_2022_Training (Small).png,certificate,Democracy Scout Training 2022 Training (Small),True,32,ACTIVE
33,024-flood-community-service.jpg,Pic,flood community service,True,33,ACTIVE
34,025-school-ceremony-portrait.jpg,Pic,school ceremony portrait,True,34,ACTIVE
35,026_Moral_Courage_Working_Team_2022_Leadership (Small).png,certificate,Moral Courage Working Team 2022 Leadership (Small),True,35,ACTIVE
36,026-school-training-group-photo.jpg,Pic,school training group photo,True,36,ACTIVE
37,027-teacher-briefing-students.jpg,Pic,teacher briefing students,True,37,ACTIVE
38,028-teacher-training-participants.jpg,Pic,teacher training participants,True,38,ACTIVE
39,029-digital-workshop-laptop.jpg,Pic,digital workshop laptop,True,39,ACTIVE
40,030-digital-workshop-portrait-01.jpg,Pic,digital workshop portrait 01,True,40,ACTIVE
41,031_Astronomy_Camp_Speaker_2023_Teaching (Small).png,certificate,Astronomy Camp Speaker 2023 Teaching (Small),True,41,ACTIVE
42,031-teacher-training-room.jpg,Pic,teacher training room,True,42,ACTIVE
43,032-digital-workshop-portrait-02.jpg,Pic,digital workshop portrait 02,True,43,ACTIVE
44,032_Software_Project_Competition_2022_Competition (Small).png,certificate,Software Project Competition 2022 Competition (Small),True,44,ACTIVE
45,033-digital-workshop-session.jpg,Pic,digital workshop session,True,45,ACTIVE
46,033_Software_Project_Competition_2022_Competition (Small).png,certificate,Software Project Competition 2022 Competition (Small),True,46,ACTIVE
47,034-scout-uniform-portrait.jpg,Pic,scout uniform portrait,True,47,ACTIVE
48,034_Software_Project_Competition_2022_Competition (Small).png,certificate,Software Project Competition 2022 Competition (Small),True,48,ACTIVE
49,035_Film_Editing_Competition_2022_Competition (Small).png,certificate,Film Editing Competition 2022 Competition (Small),True,49,ACTIVE
50,035-scout-network-group.jpg,Pic,scout network group,True,50,ACTIVE
51,036_Film_Editing_Competition_2022_Competition (Small).png,certificate,Film Editing Competition 2022 Competition (Small),True,51,ACTIVE
52,036-workshop-participant-presentation.jpg,Pic,workshop participant presentation,True,52,ACTIVE
53,037_Moral_Courage_Working_Team_2022_Leadership (Small).png,certificate,Moral Courage Working Team 2022 Leadership (Small),True,53,ACTIVE
54,037-workshop-group-discussion.jpg,Pic,workshop group discussion,True,54,ACTIVE
55,038_Moral_Courage_Activity_2022_Leadership (Small).png,certificate,Moral Courage Activity 2022 Leadership (Small),True,55,ACTIVE
56,038-scout-convention-group.jpg,Pic,scout convention group,True,56,ACTIVE
57,039_Film_Editing_Competition_2022_Competition (Small).png,certificate,Film Editing Competition 2022 Competition (Small),True,57,ACTIVE
58,039-scout-field-group.jpg,Pic,scout field group,True,58,ACTIVE
59,040-scout-certificate-portrait.jpg,Pic,scout certificate portrait,True,59,ACTIVE
60,040_Software_Project_Competition_2022_Competition (Small).png,certificate,Software Project Competition 2022 Competition (Small),True,60,ACTIVE
61,041-election-invalid-ballot-demonstration.jpg,Pic,election invalid ballot demonstration,True,61,ACTIVE
62,042-scout-leaders-at-landmark.jpg,Pic,scout leaders at landmark,True,62,ACTIVE
63,043-election-ballot-box-demonstration.jpg,Pic,election ballot box demonstration,True,63,ACTIVE
64,043_Moral_School_Training_2024_Training (Small).png,certificate,Moral School Training 2024 Training (Small),True,64,ACTIVE
65,044-school-workshop-group-activity.jpg,Pic,school workshop group activity,True,65,ACTIVE
66,044_Software_Project_Competition_2022_Competition (Small).png,certificate,Software Project Competition 2022 Competition (Small),True,66,ACTIVE
67,045_Film_Editing_Competition_2022_Competition (Small).png,certificate,Film Editing Competition 2022 Competition (Small),True,67,ACTIVE
68,045-workshop-hands-on-materials.jpg,Pic,workshop hands on materials,True,68,ACTIVE
69,046_Film_Editing_Competition_2022_Competition (Small).png,certificate,Film Editing Competition 2022 Competition (Small),True,69,ACTIVE
70,046-school-workshop-group-photo-01.jpg,Pic,school workshop group photo 01,True,70,ACTIVE
71,047-computer-lab-teaching-01.jpg,Pic,computer lab teaching 01,True,71,ACTIVE
72,048-school-workshop-group-photo-02.jpg,Pic,school workshop group photo 02,True,72,ACTIVE
73,049-teacher-with-school-administrators-01.jpg,Pic,teacher with school administrators 01,True,73,ACTIVE
74,050-teacher-with-school-administrators-02.jpg,Pic,teacher with school administrators 02,True,74,ACTIVE
75,051-election-ballot-box-activity.jpg,Pic,election ballot box activity,True,75,ACTIVE
76,052-switzerland-mountain-portrait.jpg,Pic,switzerland mountain portrait,True,76,ACTIVE
77,053-mountain-summit-portrait.jpg,Pic,mountain summit portrait,True,77,ACTIVE
78,054-international-travel-group.jpg,Pic,international travel group,True,78,ACTIVE
79,055-temple-student-trip-selfie.jpg,Pic,temple student trip selfie,True,79,ACTIVE
80,056-community-merit-activity-group.jpg,Pic,community merit activity group,True,80,ACTIVE
81,057-temple-student-activity-group.jpg,Pic,temple student activity group,True,81,ACTIVE
82,058-scout-field-activity-03.jpg,Pic,scout field activity 03,True,82,ACTIVE
83,059-scout-camp-event-portrait-01.jpg,Pic,scout camp event portrait 01,True,83,ACTIVE
84,060-scout-camp-event-portrait-02.jpg,Pic,scout camp event portrait 02,True,84,ACTIVE
85,061-award-certificate-presentation.jpg,Pic,award certificate presentation,True,85,ACTIVE
86,062-computer-lab-workstation.jpg,Pic,computer lab workstation,True,86,ACTIVE
87,063-classroom-digital-teaching.jpg,Pic,classroom digital teaching,True,87,ACTIVE
88,064-event-technical-control-01.jpg,Pic,event technical control 01,True,88,ACTIVE
89,065-student-council-camp-group.jpg,Pic,student council camp group,True,89,ACTIVE
90,066-event-technical-control-02.jpg,Pic,event technical control 02,True,90,ACTIVE
91,067-scout-teacher-selfie.jpg,Pic,scout teacher selfie,True,91,ACTIVE
92,068-computer-lab-teaching-02.jpg,Pic,computer lab teaching 02,True,92,ACTIVE
93,069-student-field-trip-stadium.jpg,Pic,student field trip stadium,True,93,ACTIVE
94,070-student-field-trip-temple.jpg,Pic,student field trip temple,True,94,ACTIVE
95,071-art-museum-student-trip.jpg,Pic,art museum student trip,True,95,ACTIVE
96,072-student-learning-activity.jpg,Pic,student learning activity,True,96,ACTIVE
97,073-white-temple-student-trip.jpg,Pic,white temple student trip,True,97,ACTIVE
98,074-student-field-trip-group.jpg,Pic,student field trip group,True,98,ACTIVE
99,075-student-activity-selfie.jpg,Pic,student activity selfie,True,99,ACTIVE
100,076-school-ceremony-orange-uniform-01.jpg,Pic,school ceremony orange uniform 01,True,100,ACTIVE
101,077-school-ceremony-orange-uniform-02.jpg,Pic,school ceremony orange uniform 02,True,101,ACTIVE
102,078-night-community-transport-01.jpg,Pic,night community transport 01,True,102,ACTIVE
103,079-community-safety-volunteer-group.jpg,Pic,community safety volunteer group,True,103,ACTIVE
104,080-night-community-transport-02.jpg,Pic,night community transport 02,True,104,ACTIVE
105,081-computer-lab-empty.jpg,Pic,computer lab empty,True,105,ACTIVE
106,082-computer-students-group.jpg,Pic,computer students group,True,106,ACTIVE
107,083-cultural-dress-group.jpg,Pic,cultural dress group,True,107,ACTIVE
108,084-student-home-visit-01.jpg,Pic,student home visit 01,True,108,ACTIVE
109,085-mountain-trek-portrait.jpg,Pic,mountain trek portrait,True,109,ACTIVE
110,086-school-ceremony-black-suit.jpg,Pic,school ceremony black suit,True,110,ACTIVE
111,087-sports-coaching-group-01.jpg,Pic,sports coaching group 01,True,111,ACTIVE
112,088-sports-coaching-group-02.jpg,Pic,sports coaching group 02,True,112,ACTIVE
113,089-classroom-maintenance.jpg,Pic,classroom maintenance,True,113,ACTIVE
114,090-computer-lab-assessment.jpg,Pic,computer lab assessment,True,114,ACTIVE
115,091-student-project-presentation-01.jpg,Pic,student project presentation 01,True,115,ACTIVE
116,092-student-project-presentation-02.jpg,Pic,student project presentation 02,True,116,ACTIVE
117,093-student-project-presentation-03.jpg,Pic,student project presentation 03,True,117,ACTIVE
118,094-student-project-award-stage.jpg,Pic,student project award stage,True,118,ACTIVE
119,095-student-project-competition-01.jpg,Pic,student project competition 01,True,119,ACTIVE
120,096-student-project-competition-02.jpg,Pic,student project competition 02,True,120,ACTIVE
121,097-student-competition-group-01.jpg,Pic,student competition group 01,True,121,ACTIVE
122,098-student-competition-group-02.jpg,Pic,student competition group 02,True,122,ACTIVE
123,099-student-home-visit-02.jpg,Pic,student home visit 02,True,123,ACTIVE
124,100-student-home-visit-03.jpg,Pic,student home visit 03,True,124,ACTIVE
125,101-student-home-visit-04.jpg,Pic,student home visit 04,True,125,ACTIVE
126,102-student-home-visit-05.jpg,Pic,student home visit 05,True,126,ACTIVE
127,103-student-home-visit-06.jpg,Pic,student home visit 06,True,127,ACTIVE
128,104-student-home-visit-07.jpg,Pic,student home visit 07,True,128,ACTIVE
129,105-student-home-visit-08.jpg,Pic,student home visit 08,True,129,ACTIVE
130,106-student-home-visit-09.jpg,Pic,student home visit 09,True,130,ACTIVE
131,107-projector-installation-01.jpg,Pic,projector installation 01,True,131,ACTIVE
132,108-projector-installation-02.jpg,Pic,projector installation 02,True,132,ACTIVE
133,109-projector-installation-03.jpg,Pic,projector installation 03,True,133,ACTIVE
134,110-projector-installation-04.jpg,Pic,projector installation 04,True,134,ACTIVE
135,111-funeral-community-service.jpg,Pic,funeral community service,True,135,ACTIVE
136,112-community-event-support-team.jpg,Pic,community event support team,True,136,ACTIVE
137,113-cycling-activity-group.jpg,Pic,cycling activity group,True,137,ACTIVE
138,114-community-cleanup-activity.jpg,Pic,community cleanup activity,True,138,ACTIVE
139,115-merit-ceremony-group.jpg,Pic,merit ceremony group,True,139,ACTIVE
140,116-award-presentation-01.jpg,Pic,award presentation 01,True,140,ACTIVE
141,117-teacher-workshop-group-03.jpg,Pic,teacher workshop group 03,True,141,ACTIVE
142,118-award-presentation-02.jpg,Pic,award presentation 02,True,142,ACTIVE
143,119-workshop-observation.jpg,Pic,workshop observation,True,143,ACTIVE
144,120-academic-evaluation-group.jpg,Pic,academic evaluation group,True,144,ACTIVE
145,121-workshop-speaker.jpg,Pic,workshop speaker,True,145,ACTIVE
146,122-teacher-workshop-group-04.jpg,Pic,teacher workshop group 04,True,146,ACTIVE
147,123-computer-lab-coaching-01.jpg,Pic,computer lab coaching 01,True,147,ACTIVE
148,124-computer-lab-lesson-01.jpg,Pic,computer lab lesson 01,True,148,ACTIVE
149,125-computer-lab-lesson-02.jpg,Pic,computer lab lesson 02,True,149,ACTIVE
150,126-computer-lab-coaching-02.jpg,Pic,computer lab coaching 02,True,150,ACTIVE
151,127-computer-lesson-presentation.jpg,Pic,computer lesson presentation,True,151,ACTIVE
152,128-school-meeting-room-01.jpg,Pic,school meeting room 01,True,152,ACTIVE
153,129-school-meeting-room-02.jpg,Pic,school meeting room 02,True,153,ACTIVE
154,130-chiang-rai-night-portrait.jpg,Pic,chiang rai night portrait,True,154,ACTIVE
155,131-sydney-opera-house-night.jpg,Pic,sydney opera house night,True,155,ACTIVE
156,132-international-rugby-team.jpg,Pic,international rugby team,True,156,ACTIVE
157,133-webapp.png,Pic,webapp,True,157,ACTIVE
158,134-webapp2.png,Pic,webapp2,True,158,ACTIVE
