"OldName","NewName"
"S__54444035_0.jpg","001-digital-learning-presentation-01.jpg"
"S__54444036_0.jpg","002-teacher-workshop-group-01.jpg"
"S__54444037_0.jpg","003-teacher-workshop-group-02.jpg"
"S__54444038_0.jpg","004-teacher-with-workshop-guests.jpg"
"S__54444039_0.jpg","005-robotics-workshop-group-01.jpg"
"S__54444040_0.jpg","006-robotics-workshop-group-02.jpg"
"S__54444041_0.jpg","007-digital-learning-presentation-02.jpg"
"S__54444042_0.jpg","008-students-provincial-office-visit.jpg"
"S__54444043_0.jpg","009-scout-community-project-group.jpg"
"S__54444044_0.jpg","010-scout-community-service-group.jpg"
"S__54444046_0.jpg","011-school-official-meeting-group.jpg"
"S__54444047_0.jpg","012-school-evaluation-meeting-01.jpg"
"S__54444048_0.jpg","013-school-evaluation-meeting-02.jpg"
"S__54444049_0.jpg","014-election-office-partnership.jpg"
"S__54444050_0.jpg","015-school-ceremony-standing.jpg"
"S__54444051_0.jpg","016-school-ceremony-stage-portrait.jpg"
"S__54444052_0.jpg","017-student-arts-competition-award-01.jpg"
"S__54444053_0.jpg","018-student-arts-competition-award-02.jpg"
"S__54444054_0.jpg","019-scout-field-activity-01.jpg"
"S__54444055_0.jpg","020-scout-field-activity-02.jpg"
"S__54444057_0.jpg","021-school-ceremony-procession-01.jpg"
"S__54444058_0.jpg","022-school-ceremony-procession-02.jpg"
"S__54444059_0.jpg","023-event-media-production.jpg"
"S__54444060_0.jpg","024-flood-community-service.jpg"
"S__54444061_0.jpg","025-school-ceremony-portrait.jpg"
"S__54444062_0.jpg","026-school-training-group-photo.jpg"
"S__54444063_0.jpg","027-teacher-briefing-students.jpg"
"S__54444064_0.jpg","028-teacher-training-participants.jpg"
"S__54444065_0.jpg","029-digital-workshop-laptop.jpg"
"S__54444066_0.jpg","030-digital-workshop-portrait-01.jpg"
"S__54444068_0.jpg","031-teacher-training-room.jpg"
"S__54444069_0.jpg","032-digital-workshop-portrait-02.jpg"
"S__54444070_0.jpg","033-digital-workshop-session.jpg"
"S__54444071_0.jpg","034-scout-uniform-portrait.jpg"
"S__54444072_0.jpg","035-scout-network-group.jpg"
"S__54444073_0.jpg","036-workshop-participant-presentation.jpg"
"S__54444074_0.jpg","037-workshop-group-discussion.jpg"
"S__54444075_0.jpg","038-scout-convention-group.jpg"
"S__54444076_0.jpg","039-scout-field-group.jpg"
"S__54444077_0.jpg","040-scout-certificate-portrait.jpg"
"S__54444079_0.jpg","041-election-invalid-ballot-demonstration.jpg"
"S__54444080_0.jpg","042-scout-leaders-at-landmark.jpg"
"S__54444081_0.jpg","043-election-ballot-box-demonstration.jpg"
"S__54444082_0.jpg","044-school-workshop-group-activity.jpg"
"S__54444083_0.jpg","045-workshop-hands-on-materials.jpg"
"S__54444084_0.jpg","046-school-workshop-group-photo-01.jpg"
"S__54444085_0.jpg","047-computer-lab-teaching-01.jpg"
"S__54444086_0.jpg","048-school-workshop-group-photo-02.jpg"
"S__54444087_0.jpg","049-teacher-with-school-administrators-01.jpg"
"S__54444088_0.jpg","050-teacher-with-school-administrators-02.jpg"
"S__54444090_0.jpg","051-election-ballot-box-activity.jpg"
"S__54444091_0.jpg","052-switzerland-mountain-portrait.jpg"
"S__54444092_0.jpg","053-mountain-summit-portrait.jpg"
"S__54444093_0.jpg","054-international-travel-group.jpg"
"S__54444094_0.jpg","055-temple-student-trip-selfie.jpg"
"S__54444095_0.jpg","056-community-merit-activity-group.jpg"
"S__54444096_0.jpg","057-temple-student-activity-group.jpg"
"S__54444097_0.jpg","058-scout-field-activity-03.jpg"
"S__54444098_0.jpg","059-scout-camp-event-portrait-01.jpg"
"S__54444099_0.jpg","060-scout-camp-event-portrait-02.jpg"
"S__54444101_0.jpg","061-award-certificate-presentation.jpg"
"S__54444102_0.jpg","062-computer-lab-workstation.jpg"
"S__54444103_0.jpg","063-classroom-digital-teaching.jpg"
"S__54444104_0.jpg","064-event-technical-control-01.jpg"
"S__54444105_0.jpg","065-student-council-camp-group.jpg"
"S__54444106_0.jpg","066-event-technical-control-02.jpg"
"S__54444107_0.jpg","067-scout-teacher-selfie.jpg"
"S__54444108_0.jpg","068-computer-lab-teaching-02.jpg"
"S__54444109_0.jpg","069-student-field-trip-stadium.jpg"
"S__54444110_0.jpg","070-student-field-trip-temple.jpg"
"S__54444112_0.jpg","071-art-museum-student-trip.jpg"
"S__54444113_0.jpg","072-student-learning-activity.jpg"
"S__54444114_0.jpg","073-white-temple-student-trip.jpg"
"S__54444115_0.jpg","074-student-field-trip-group.jpg"
"S__54444116_0.jpg","075-student-activity-selfie.jpg"
"S__54444117_0.jpg","076-school-ceremony-orange-uniform-01.jpg"
"S__54444118_0.jpg","077-school-ceremony-orange-uniform-02.jpg"
"S__54444119_0.jpg","078-night-community-transport-01.jpg"
"S__54444120_0.jpg","079-community-safety-volunteer-group.jpg"
"S__54444121_0.jpg","080-night-community-transport-02.jpg"
"S__54444123_0.jpg","081-computer-lab-empty.jpg"
"S__54444124_0.jpg","082-computer-students-group.jpg"
"S__54444125_0.jpg","083-cultural-dress-group.jpg"
"S__54444126_0.jpg","084-student-home-visit-01.jpg"
"S__54444127_0.jpg","085-mountain-trek-portrait.jpg"
"S__54444128_0.jpg","086-school-ceremony-black-suit.jpg"
"S__54444129_0.jpg","087-sports-coaching-group-01.jpg"
"S__54444130_0.jpg","088-sports-coaching-group-02.jpg"
"S__54444131_0.jpg","089-classroom-maintenance.jpg"
"S__54444132_0.jpg","090-computer-lab-assessment.jpg"
"S__54444134_0.jpg","091-student-project-presentation-01.jpg"
"S__54444135_0.jpg","092-student-project-presentation-02.jpg"
"S__54444136_0.jpg","093-student-project-presentation-03.jpg"
"S__54444137_0.jpg","094-student-project-award-stage.jpg"
"S__54444138_0.jpg","095-student-project-competition-01.jpg"
"S__54444139_0.jpg","096-student-project-competition-02.jpg"
"S__54444140_0.jpg","097-student-competition-group-01.jpg"
"S__54444141_0.jpg","098-student-competition-group-02.jpg"
"S__54444142_0.jpg","099-student-home-visit-02.jpg"
"S__54444143_0.jpg","100-student-home-visit-03.jpg"
"S__54444145_0.jpg","101-student-home-visit-04.jpg"
"S__54444146_0.jpg","102-student-home-visit-05.jpg"
"S__54444147_0.jpg","103-student-home-visit-06.jpg"
"S__54444148_0.jpg","104-student-home-visit-07.jpg"
"S__54444149_0.jpg","105-student-home-visit-08.jpg"
"S__54444150_0.jpg","106-student-home-visit-09.jpg"
"S__54444151_0.jpg","107-projector-installation-01.jpg"
"S__54444152_0.jpg","108-projector-installation-02.jpg"
"S__54444153_0.jpg","109-projector-installation-03.jpg"
"S__54444154_0.jpg","110-projector-installation-04.jpg"
"S__54444156_0.jpg","111-funeral-community-service.jpg"
"S__54444157_0.jpg","112-community-event-support-team.jpg"
"S__54444158_0.jpg","113-cycling-activity-group.jpg"
"S__54444159_0.jpg","114-community-cleanup-activity.jpg"
"S__54444160_0.jpg","115-merit-ceremony-group.jpg"
"S__54444161_0.jpg","116-award-presentation-01.jpg"
"S__54444162_0.jpg","117-teacher-workshop-group-03.jpg"
"S__54444163_0.jpg","118-award-presentation-02.jpg"
"S__54444164_0.jpg","119-workshop-observation.jpg"
"S__54444165_0.jpg","120-academic-evaluation-group.jpg"
"S__54444167_0.jpg","121-workshop-speaker.jpg"
"S__54444168_0.jpg","122-teacher-workshop-group-04.jpg"
"S__54444169_0.jpg","123-computer-lab-coaching-01.jpg"
"S__54444170_0.jpg","124-computer-lab-lesson-01.jpg"
"S__54444171_0.jpg","125-computer-lab-lesson-02.jpg"
"S__54444172_0.jpg","126-computer-lab-coaching-02.jpg"
"S__54444173_0.jpg","127-computer-lesson-presentation.jpg"
"S__54444174_0.jpg","128-school-meeting-room-01.jpg"
"S__54444175_0.jpg","129-school-meeting-room-02.jpg"
"S__54444176_0.jpg","130-chiang-rai-night-portrait.jpg"
"S__54444178_0.jpg","131-sydney-opera-house-night.jpg"
"S__54444179_0.jpg","132-international-rugby-team.jpg"
