No.,File Name,File Name (No Extension),Extension,Folder,Path,Title,Description,Tags,Show,Sort Order,Status
1,001-digital-learning-presentation-01.jpg,001-digital-learning-presentation-01,jpg,Pic,Pic,digital learning presentation 01,,"portfolio,photo",TRUE,1,ACTIVE
2,001_Experiential_English_Course_2010_Training (Small).png,001_Experiential_English_Course_2010_Training (Small),png,certificate,certificate,Experiential English Course 2010 Training (Small),,certificate,TRUE,2,ACTIVE
3,002-teacher-workshop-group-01.jpg,002-teacher-workshop-group-01,jpg,Pic,Pic,teacher workshop group 01,,"portfolio,photo",TRUE,3,ACTIVE
4,003_Digital_Teacher_Course_2025_Technology (Small).png,003_Digital_Teacher_Course_2025_Technology (Small),png,certificate,certificate,Digital Teacher Course 2025 Technology (Small),,certificate,TRUE,4,ACTIVE
5,003-teacher-workshop-group-02.jpg,003-teacher-workshop-group-02,jpg,Pic,Pic,teacher workshop group 02,,"portfolio,photo",TRUE,5,ACTIVE
6,004_Digital_PA_Workshop_2024_Training (Small).png,004_Digital_PA_Workshop_2024_Training (Small),png,certificate,certificate,Digital PA Workshop 2024 Training (Small),,certificate,TRUE,6,ACTIVE
7,004-teacher-with-workshop-guests.jpg,004-teacher-with-workshop-guests,jpg,Pic,Pic,teacher with workshop guests,,"portfolio,photo",TRUE,7,ACTIVE
8,005_AI_Anywhere_Anytime_2025_Technology (Small).png,005_AI_Anywhere_Anytime_2025_Technology (Small),png,certificate,certificate,AI Anywhere Anytime 2025 Technology (Small),,certificate,TRUE,8,ACTIVE
9,005-robotics-workshop-group-01.jpg,005-robotics-workshop-group-01,jpg,Pic,Pic,robotics workshop group 01,,"portfolio,photo",TRUE,9,ACTIVE
10,006-robotics-workshop-group-02.jpg,006-robotics-workshop-group-02,jpg,Pic,Pic,robotics workshop group 02,,"portfolio,photo",TRUE,10,ACTIVE
11,007-digital-learning-presentation-02.jpg,007-digital-learning-presentation-02,jpg,Pic,Pic,digital learning presentation 02,,"portfolio,photo",TRUE,11,ACTIVE
12,008-students-provincial-office-visit.jpg,008-students-provincial-office-visit,jpg,Pic,Pic,students provincial office visit,,"portfolio,photo",TRUE,12,ACTIVE
13,009-scout-community-project-group.jpg,009-scout-community-project-group,jpg,Pic,Pic,scout community project group,,"portfolio,photo",TRUE,13,ACTIVE
14,010-scout-community-service-group.jpg,010-scout-community-service-group,jpg,Pic,Pic,scout community service group,,"portfolio,photo",TRUE,14,ACTIVE
15,010_Software_Project_Competition_2022_Competition (Small).png,010_Software_Project_Competition_2022_Competition (Small),png,certificate,certificate,Software Project Competition 2022 Competition (Small),,certificate,TRUE,15,ACTIVE
16,011-school-official-meeting-group.jpg,011-school-official-meeting-group,jpg,Pic,Pic,school official meeting group,,"portfolio,photo",TRUE,16,ACTIVE
17,012_Film_Editing_Competition_2022_Competition (Small).png,012_Film_Editing_Competition_2022_Competition (Small),png,certificate,certificate,Film Editing Competition 2022 Competition (Small),,certificate,TRUE,17,ACTIVE
18,012-school-evaluation-meeting-01.jpg,012-school-evaluation-meeting-01,jpg,Pic,Pic,school evaluation meeting 01,,"portfolio,photo",TRUE,18,ACTIVE
19,013-school-evaluation-meeting-02.jpg,013-school-evaluation-meeting-02,jpg,Pic,Pic,school evaluation meeting 02,,"portfolio,photo",TRUE,19,ACTIVE
20,014-election-office-partnership.jpg,014-election-office-partnership,jpg,Pic,Pic,election office partnership,,"portfolio,photo",TRUE,20,ACTIVE
21,015-school-ceremony-standing.jpg,015-school-ceremony-standing,jpg,Pic,Pic,school ceremony standing,,"portfolio,photo",TRUE,21,ACTIVE
22,016-school-ceremony-stage-portrait.jpg,016-school-ceremony-stage-portrait,jpg,Pic,Pic,school ceremony stage portrait,,"portfolio,photo",TRUE,22,ACTIVE
23,017-student-arts-competition-award-01.jpg,017-student-arts-competition-award-01,jpg,Pic,Pic,student arts competition award 01,,"portfolio,photo",TRUE,23,ACTIVE
24,018-student-arts-competition-award-02.jpg,018-student-arts-competition-award-02,jpg,Pic,Pic,student arts competition award 02,,"portfolio,photo",TRUE,24,ACTIVE
25,019-scout-field-activity-01.jpg,019-scout-field-activity-01,jpg,Pic,Pic,scout field activity 01,,"portfolio,photo",TRUE,25,ACTIVE
26,020-scout-field-activity-02.jpg,020-scout-field-activity-02,jpg,Pic,Pic,scout field activity 02,,"portfolio,photo",TRUE,26,ACTIVE
27,021-school-ceremony-procession-01.jpg,021-school-ceremony-procession-01,jpg,Pic,Pic,school ceremony procession 01,,"portfolio,photo",TRUE,27,ACTIVE
28,022_Best_Practice_Exhibition_2022_Participation (Small).png,022_Best_Practice_Exhibition_2022_Participation (Small),png,certificate,certificate,Best Practice Exhibition 2022 Participation (Small),,certificate,TRUE,28,ACTIVE
29,022-school-ceremony-procession-02.jpg,022-school-ceremony-procession-02,jpg,Pic,Pic,school ceremony procession 02,,"portfolio,photo",TRUE,29,ACTIVE
30,023-event-media-production.jpg,023-event-media-production,jpg,Pic,Pic,event media production,,"portfolio,photo",TRUE,30,ACTIVE
31,023_RCC_Dam_Knowledge_2022_Training (Small).png,023_RCC_Dam_Knowledge_2022_Training (Small),png,certificate,certificate,RCC Dam Knowledge 2022 Training (Small),,certificate,TRUE,31,ACTIVE
32,024_Democracy_Scout_Training_2022_Training (Small).png,024_Democracy_Scout_Training_2022_Training (Small),png,certificate,certificate,Democracy Scout Training 2022 Training (Small),,certificate,TRUE,32,ACTIVE
33,024-flood-community-service.jpg,024-flood-community-service,jpg,Pic,Pic,flood community service,,"portfolio,photo",TRUE,33,ACTIVE
34,025-school-ceremony-portrait.jpg,025-school-ceremony-portrait,jpg,Pic,Pic,school ceremony portrait,,"portfolio,photo",TRUE,34,ACTIVE
35,026_Moral_Courage_Working_Team_2022_Leadership (Small).png,026_Moral_Courage_Working_Team_2022_Leadership (Small),png,certificate,certificate,Moral Courage Working Team 2022 Leadership (Small),,certificate,TRUE,35,ACTIVE
36,026-school-training-group-photo.jpg,026-school-training-group-photo,jpg,Pic,Pic,school training group photo,,"portfolio,photo",TRUE,36,ACTIVE
37,027-teacher-briefing-students.jpg,027-teacher-briefing-students,jpg,Pic,Pic,teacher briefing students,,"portfolio,photo",TRUE,37,ACTIVE
38,028-teacher-training-participants.jpg,028-teacher-training-participants,jpg,Pic,Pic,teacher training participants,,"portfolio,photo",TRUE,38,ACTIVE
39,029-digital-workshop-laptop.jpg,029-digital-workshop-laptop,jpg,Pic,Pic,digital workshop laptop,,"portfolio,photo",TRUE,39,ACTIVE
40,030-digital-workshop-portrait-01.jpg,030-digital-workshop-portrait-01,jpg,Pic,Pic,digital workshop portrait 01,,"portfolio,photo",TRUE,40,ACTIVE
41,031_Astronomy_Camp_Speaker_2023_Teaching (Small).png,031_Astronomy_Camp_Speaker_2023_Teaching (Small),png,certificate,certificate,Astronomy Camp Speaker 2023 Teaching (Small),,certificate,TRUE,41,ACTIVE
42,031-teacher-training-room.jpg,031-teacher-training-room,jpg,Pic,Pic,teacher training room,,"portfolio,photo",TRUE,42,ACTIVE
43,032-digital-workshop-portrait-02.jpg,032-digital-workshop-portrait-02,jpg,Pic,Pic,digital workshop portrait 02,,"portfolio,photo",TRUE,43,ACTIVE
44,032_Software_Project_Competition_2022_Competition (Small).png,032_Software_Project_Competition_2022_Competition (Small),png,certificate,certificate,Software Project Competition 2022 Competition (Small),,certificate,TRUE,44,ACTIVE
45,033-digital-workshop-session.jpg,033-digital-workshop-session,jpg,Pic,Pic,digital workshop session,,"portfolio,photo",TRUE,45,ACTIVE
46,033_Software_Project_Competition_2022_Competition (Small).png,033_Software_Project_Competition_2022_Competition (Small),png,certificate,certificate,Software Project Competition 2022 Competition (Small),,certificate,TRUE,46,ACTIVE
47,034-scout-uniform-portrait.jpg,034-scout-uniform-portrait,jpg,Pic,Pic,scout uniform portrait,,"portfolio,photo",TRUE,47,ACTIVE
48,034_Software_Project_Competition_2022_Competition (Small).png,034_Software_Project_Competition_2022_Competition (Small),png,certificate,certificate,Software Project Competition 2022 Competition (Small),,certificate,TRUE,48,ACTIVE
49,035_Film_Editing_Competition_2022_Competition (Small).png,035_Film_Editing_Competition_2022_Competition (Small),png,certificate,certificate,Film Editing Competition 2022 Competition (Small),,certificate,TRUE,49,ACTIVE
50,035-scout-network-group.jpg,035-scout-network-group,jpg,Pic,Pic,scout network group,,"portfolio,photo",TRUE,50,ACTIVE
51,036_Film_Editing_Competition_2022_Competition (Small).png,036_Film_Editing_Competition_2022_Competition (Small),png,certificate,certificate,Film Editing Competition 2022 Competition (Small),,certificate,TRUE,51,ACTIVE
52,036-workshop-participant-presentation.jpg,036-workshop-participant-presentation,jpg,Pic,Pic,workshop participant presentation,,"portfolio,photo",TRUE,52,ACTIVE
53,037_Moral_Courage_Working_Team_2022_Leadership (Small).png,037_Moral_Courage_Working_Team_2022_Leadership (Small),png,certificate,certificate,Moral Courage Working Team 2022 Leadership (Small),,certificate,TRUE,53,ACTIVE
54,037-workshop-group-discussion.jpg,037-workshop-group-discussion,jpg,Pic,Pic,workshop group discussion,,"portfolio,photo",TRUE,54,ACTIVE
55,038_Moral_Courage_Activity_2022_Leadership (Small).png,038_Moral_Courage_Activity_2022_Leadership (Small),png,certificate,certificate,Moral Courage Activity 2022 Leadership (Small),,certificate,TRUE,55,ACTIVE
56,038-scout-convention-group.jpg,038-scout-convention-group,jpg,Pic,Pic,scout convention group,,"portfolio,photo",TRUE,56,ACTIVE
57,039_Film_Editing_Competition_2022_Competition (Small).png,039_Film_Editing_Competition_2022_Competition (Small),png,certificate,certificate,Film Editing Competition 2022 Competition (Small),,certificate,TRUE,57,ACTIVE
58,039-scout-field-group.jpg,039-scout-field-group,jpg,Pic,Pic,scout field group,,"portfolio,photo",TRUE,58,ACTIVE
59,040-scout-certificate-portrait.jpg,040-scout-certificate-portrait,jpg,Pic,Pic,scout certificate portrait,,"portfolio,photo",TRUE,59,ACTIVE
60,040_Software_Project_Competition_2022_Competition (Small).png,040_Software_Project_Competition_2022_Competition (Small),png,certificate,certificate,Software Project Competition 2022 Competition (Small),,certificate,TRUE,60,ACTIVE
61,041-election-invalid-ballot-demonstration.jpg,041-election-invalid-ballot-demonstration,jpg,Pic,Pic,election invalid ballot demonstration,,"portfolio,photo",TRUE,61,ACTIVE
62,042-scout-leaders-at-landmark.jpg,042-scout-leaders-at-landmark,jpg,Pic,Pic,scout leaders at landmark,,"portfolio,photo",TRUE,62,ACTIVE
63,043-election-ballot-box-demonstration.jpg,043-election-ballot-box-demonstration,jpg,Pic,Pic,election ballot box demonstration,,"portfolio,photo",TRUE,63,ACTIVE
64,043_Moral_School_Training_2024_Training (Small).png,043_Moral_School_Training_2024_Training (Small),png,certificate,certificate,Moral School Training 2024 Training (Small),,certificate,TRUE,64,ACTIVE
65,044-school-workshop-group-activity.jpg,044-school-workshop-group-activity,jpg,Pic,Pic,school workshop group activity,,"portfolio,photo",TRUE,65,ACTIVE
66,044_Software_Project_Competition_2022_Competition (Small).png,044_Software_Project_Competition_2022_Competition (Small),png,certificate,certificate,Software Project Competition 2022 Competition (Small),,certificate,TRUE,66,ACTIVE
67,045_Film_Editing_Competition_2022_Competition (Small).png,045_Film_Editing_Competition_2022_Competition (Small),png,certificate,certificate,Film Editing Competition 2022 Competition (Small),,certificate,TRUE,67,ACTIVE
68,045-workshop-hands-on-materials.jpg,045-workshop-hands-on-materials,jpg,Pic,Pic,workshop hands on materials,,"portfolio,photo",TRUE,68,ACTIVE
69,046_Film_Editing_Competition_2022_Competition (Small).png,046_Film_Editing_Competition_2022_Competition (Small),png,certificate,certificate,Film Editing Competition 2022 Competition (Small),,certificate,TRUE,69,ACTIVE
70,046-school-workshop-group-photo-01.jpg,046-school-workshop-group-photo-01,jpg,Pic,Pic,school workshop group photo 01,,"portfolio,photo",TRUE,70,ACTIVE
71,047-computer-lab-teaching-01.jpg,047-computer-lab-teaching-01,jpg,Pic,Pic,computer lab teaching 01,,"portfolio,photo",TRUE,71,ACTIVE
72,048-school-workshop-group-photo-02.jpg,048-school-workshop-group-photo-02,jpg,Pic,Pic,school workshop group photo 02,,"portfolio,photo",TRUE,72,ACTIVE
73,049-teacher-with-school-administrators-01.jpg,049-teacher-with-school-administrators-01,jpg,Pic,Pic,teacher with school administrators 01,,"portfolio,photo",TRUE,73,ACTIVE
74,050-teacher-with-school-administrators-02.jpg,050-teacher-with-school-administrators-02,jpg,Pic,Pic,teacher with school administrators 02,,"portfolio,photo",TRUE,74,ACTIVE
75,051-election-ballot-box-activity.jpg,051-election-ballot-box-activity,jpg,Pic,Pic,election ballot box activity,,"portfolio,photo",TRUE,75,ACTIVE
76,052-switzerland-mountain-portrait.jpg,052-switzerland-mountain-portrait,jpg,Pic,Pic,switzerland mountain portrait,,"portfolio,photo",TRUE,76,ACTIVE
77,053-mountain-summit-portrait.jpg,053-mountain-summit-portrait,jpg,Pic,Pic,mountain summit portrait,,"portfolio,photo",TRUE,77,ACTIVE
78,054-international-travel-group.jpg,054-international-travel-group,jpg,Pic,Pic,international travel group,,"portfolio,photo",TRUE,78,ACTIVE
79,055-temple-student-trip-selfie.jpg,055-temple-student-trip-selfie,jpg,Pic,Pic,temple student trip selfie,,"portfolio,photo",TRUE,79,ACTIVE
80,056-community-merit-activity-group.jpg,056-community-merit-activity-group,jpg,Pic,Pic,community merit activity group,,"portfolio,photo",TRUE,80,ACTIVE
81,057-temple-student-activity-group.jpg,057-temple-student-activity-group,jpg,Pic,Pic,temple student activity group,,"portfolio,photo",TRUE,81,ACTIVE
82,058-scout-field-activity-03.jpg,058-scout-field-activity-03,jpg,Pic,Pic,scout field activity 03,,"portfolio,photo",TRUE,82,ACTIVE
83,059-scout-camp-event-portrait-01.jpg,059-scout-camp-event-portrait-01,jpg,Pic,Pic,scout camp event portrait 01,,"portfolio,photo",TRUE,83,ACTIVE
84,060-scout-camp-event-portrait-02.jpg,060-scout-camp-event-portrait-02,jpg,Pic,Pic,scout camp event portrait 02,,"portfolio,photo",TRUE,84,ACTIVE
85,061-award-certificate-presentation.jpg,061-award-certificate-presentation,jpg,Pic,Pic,award certificate presentation,,"portfolio,photo",TRUE,85,ACTIVE
86,062-computer-lab-workstation.jpg,062-computer-lab-workstation,jpg,Pic,Pic,computer lab workstation,,"portfolio,photo",TRUE,86,ACTIVE
87,063-classroom-digital-teaching.jpg,063-classroom-digital-teaching,jpg,Pic,Pic,classroom digital teaching,,"portfolio,photo",TRUE,87,ACTIVE
88,064-event-technical-control-01.jpg,064-event-technical-control-01,jpg,Pic,Pic,event technical control 01,,"portfolio,photo",TRUE,88,ACTIVE
89,065-student-council-camp-group.jpg,065-student-council-camp-group,jpg,Pic,Pic,student council camp group,,"portfolio,photo",TRUE,89,ACTIVE
90,066-event-technical-control-02.jpg,066-event-technical-control-02,jpg,Pic,Pic,event technical control 02,,"portfolio,photo",TRUE,90,ACTIVE
91,067-scout-teacher-selfie.jpg,067-scout-teacher-selfie,jpg,Pic,Pic,scout teacher selfie,,"portfolio,photo",TRUE,91,ACTIVE
92,068-computer-lab-teaching-02.jpg,068-computer-lab-teaching-02,jpg,Pic,Pic,computer lab teaching 02,,"portfolio,photo",TRUE,92,ACTIVE
93,069-student-field-trip-stadium.jpg,069-student-field-trip-stadium,jpg,Pic,Pic,student field trip stadium,,"portfolio,photo",TRUE,93,ACTIVE
94,070-student-field-trip-temple.jpg,070-student-field-trip-temple,jpg,Pic,Pic,student field trip temple,,"portfolio,photo",TRUE,94,ACTIVE
95,071-art-museum-student-trip.jpg,071-art-museum-student-trip,jpg,Pic,Pic,art museum student trip,,"portfolio,photo",TRUE,95,ACTIVE
96,072-student-learning-activity.jpg,072-student-learning-activity,jpg,Pic,Pic,student learning activity,,"portfolio,photo",TRUE,96,ACTIVE
97,073-white-temple-student-trip.jpg,073-white-temple-student-trip,jpg,Pic,Pic,white temple student trip,,"portfolio,photo",TRUE,97,ACTIVE
98,074-student-field-trip-group.jpg,074-student-field-trip-group,jpg,Pic,Pic,student field trip group,,"portfolio,photo",TRUE,98,ACTIVE
99,075-student-activity-selfie.jpg,075-student-activity-selfie,jpg,Pic,Pic,student activity selfie,,"portfolio,photo",TRUE,99,ACTIVE
100,076-school-ceremony-orange-uniform-01.jpg,076-school-ceremony-orange-uniform-01,jpg,Pic,Pic,school ceremony orange uniform 01,,"portfolio,photo",TRUE,100,ACTIVE
101,077-school-ceremony-orange-uniform-02.jpg,077-school-ceremony-orange-uniform-02,jpg,Pic,Pic,school ceremony orange uniform 02,,"portfolio,photo",TRUE,101,ACTIVE
102,078-night-community-transport-01.jpg,078-night-community-transport-01,jpg,Pic,Pic,night community transport 01,,"portfolio,photo",TRUE,102,ACTIVE
103,079-community-safety-volunteer-group.jpg,079-community-safety-volunteer-group,jpg,Pic,Pic,community safety volunteer group,,"portfolio,photo",TRUE,103,ACTIVE
104,080-night-community-transport-02.jpg,080-night-community-transport-02,jpg,Pic,Pic,night community transport 02,,"portfolio,photo",TRUE,104,ACTIVE
105,081-computer-lab-empty.jpg,081-computer-lab-empty,jpg,Pic,Pic,computer lab empty,,"portfolio,photo",TRUE,105,ACTIVE
106,082-computer-students-group.jpg,082-computer-students-group,jpg,Pic,Pic,computer students group,,"portfolio,photo",TRUE,106,ACTIVE
107,083-cultural-dress-group.jpg,083-cultural-dress-group,jpg,Pic,Pic,cultural dress group,,"portfolio,photo",TRUE,107,ACTIVE
108,084-student-home-visit-01.jpg,084-student-home-visit-01,jpg,Pic,Pic,student home visit 01,,"portfolio,photo",TRUE,108,ACTIVE
109,085-mountain-trek-portrait.jpg,085-mountain-trek-portrait,jpg,Pic,Pic,mountain trek portrait,,"portfolio,photo",TRUE,109,ACTIVE
110,086-school-ceremony-black-suit.jpg,086-school-ceremony-black-suit,jpg,Pic,Pic,school ceremony black suit,,"portfolio,photo",TRUE,110,ACTIVE
111,087-sports-coaching-group-01.jpg,087-sports-coaching-group-01,jpg,Pic,Pic,sports coaching group 01,,"portfolio,photo",TRUE,111,ACTIVE
112,088-sports-coaching-group-02.jpg,088-sports-coaching-group-02,jpg,Pic,Pic,sports coaching group 02,,"portfolio,photo",TRUE,112,ACTIVE
113,089-classroom-maintenance.jpg,089-classroom-maintenance,jpg,Pic,Pic,classroom maintenance,,"portfolio,photo",TRUE,113,ACTIVE
114,090-computer-lab-assessment.jpg,090-computer-lab-assessment,jpg,Pic,Pic,computer lab assessment,,"portfolio,photo",TRUE,114,ACTIVE
115,091-student-project-presentation-01.jpg,091-student-project-presentation-01,jpg,Pic,Pic,student project presentation 01,,"portfolio,photo",TRUE,115,ACTIVE
116,092-student-project-presentation-02.jpg,092-student-project-presentation-02,jpg,Pic,Pic,student project presentation 02,,"portfolio,photo",TRUE,116,ACTIVE
117,093-student-project-presentation-03.jpg,093-student-project-presentation-03,jpg,Pic,Pic,student project presentation 03,,"portfolio,photo",TRUE,117,ACTIVE
118,094-student-project-award-stage.jpg,094-student-project-award-stage,jpg,Pic,Pic,student project award stage,,"portfolio,photo",TRUE,118,ACTIVE
119,095-student-project-competition-01.jpg,095-student-project-competition-01,jpg,Pic,Pic,student project competition 01,,"portfolio,photo",TRUE,119,ACTIVE
120,096-student-project-competition-02.jpg,096-student-project-competition-02,jpg,Pic,Pic,student project competition 02,,"portfolio,photo",TRUE,120,ACTIVE
121,097-student-competition-group-01.jpg,097-student-competition-group-01,jpg,Pic,Pic,student competition group 01,,"portfolio,photo",TRUE,121,ACTIVE
122,098-student-competition-group-02.jpg,098-student-competition-group-02,jpg,Pic,Pic,student competition group 02,,"portfolio,photo",TRUE,122,ACTIVE
123,099-student-home-visit-02.jpg,099-student-home-visit-02,jpg,Pic,Pic,student home visit 02,,"portfolio,photo",TRUE,123,ACTIVE
124,100-student-home-visit-03.jpg,100-student-home-visit-03,jpg,Pic,Pic,student home visit 03,,"portfolio,photo",TRUE,124,ACTIVE
125,101-student-home-visit-04.jpg,101-student-home-visit-04,jpg,Pic,Pic,student home visit 04,,"portfolio,photo",TRUE,125,ACTIVE
126,102-student-home-visit-05.jpg,102-student-home-visit-05,jpg,Pic,Pic,student home visit 05,,"portfolio,photo",TRUE,126,ACTIVE
127,103-student-home-visit-06.jpg,103-student-home-visit-06,jpg,Pic,Pic,student home visit 06,,"portfolio,photo",TRUE,127,ACTIVE
128,104-student-home-visit-07.jpg,104-student-home-visit-07,jpg,Pic,Pic,student home visit 07,,"portfolio,photo",TRUE,128,ACTIVE
129,105-student-home-visit-08.jpg,105-student-home-visit-08,jpg,Pic,Pic,student home visit 08,,"portfolio,photo",TRUE,129,ACTIVE
130,106-student-home-visit-09.jpg,106-student-home-visit-09,jpg,Pic,Pic,student home visit 09,,"portfolio,photo",TRUE,130,ACTIVE
131,107-projector-installation-01.jpg,107-projector-installation-01,jpg,Pic,Pic,projector installation 01,,"portfolio,photo",TRUE,131,ACTIVE
132,108-projector-installation-02.jpg,108-projector-installation-02,jpg,Pic,Pic,projector installation 02,,"portfolio,photo",TRUE,132,ACTIVE
133,109-projector-installation-03.jpg,109-projector-installation-03,jpg,Pic,Pic,projector installation 03,,"portfolio,photo",TRUE,133,ACTIVE
134,110-projector-installation-04.jpg,110-projector-installation-04,jpg,Pic,Pic,projector installation 04,,"portfolio,photo",TRUE,134,ACTIVE
135,111-funeral-community-service.jpg,111-funeral-community-service,jpg,Pic,Pic,funeral community service,,"portfolio,photo",TRUE,135,ACTIVE
136,112-community-event-support-team.jpg,112-community-event-support-team,jpg,Pic,Pic,community event support team,,"portfolio,photo",TRUE,136,ACTIVE
137,113-cycling-activity-group.jpg,113-cycling-activity-group,jpg,Pic,Pic,cycling activity group,,"portfolio,photo",TRUE,137,ACTIVE
138,114-community-cleanup-activity.jpg,114-community-cleanup-activity,jpg,Pic,Pic,community cleanup activity,,"portfolio,photo",TRUE,138,ACTIVE
139,115-merit-ceremony-group.jpg,115-merit-ceremony-group,jpg,Pic,Pic,merit ceremony group,,"portfolio,photo",TRUE,139,ACTIVE
140,116-award-presentation-01.jpg,116-award-presentation-01,jpg,Pic,Pic,award presentation 01,,"portfolio,photo",TRUE,140,ACTIVE
141,117-teacher-workshop-group-03.jpg,117-teacher-workshop-group-03,jpg,Pic,Pic,teacher workshop group 03,,"portfolio,photo",TRUE,141,ACTIVE
142,118-award-presentation-02.jpg,118-award-presentation-02,jpg,Pic,Pic,award presentation 02,,"portfolio,photo",TRUE,142,ACTIVE
143,119-workshop-observation.jpg,119-workshop-observation,jpg,Pic,Pic,workshop observation,,"portfolio,photo",TRUE,143,ACTIVE
144,120-academic-evaluation-group.jpg,120-academic-evaluation-group,jpg,Pic,Pic,academic evaluation group,,"portfolio,photo",TRUE,144,ACTIVE
145,121-workshop-speaker.jpg,121-workshop-speaker,jpg,Pic,Pic,workshop speaker,,"portfolio,photo",TRUE,145,ACTIVE
146,122-teacher-workshop-group-04.jpg,122-teacher-workshop-group-04,jpg,Pic,Pic,teacher workshop group 04,,"portfolio,photo",TRUE,146,ACTIVE
147,123-computer-lab-coaching-01.jpg,123-computer-lab-coaching-01,jpg,Pic,Pic,computer lab coaching 01,,"portfolio,photo",TRUE,147,ACTIVE
148,124-computer-lab-lesson-01.jpg,124-computer-lab-lesson-01,jpg,Pic,Pic,computer lab lesson 01,,"portfolio,photo",TRUE,148,ACTIVE
149,125-computer-lab-lesson-02.jpg,125-computer-lab-lesson-02,jpg,Pic,Pic,computer lab lesson 02,,"portfolio,photo",TRUE,149,ACTIVE
150,126-computer-lab-coaching-02.jpg,126-computer-lab-coaching-02,jpg,Pic,Pic,computer lab coaching 02,,"portfolio,photo",TRUE,150,ACTIVE
151,127-computer-lesson-presentation.jpg,127-computer-lesson-presentation,jpg,Pic,Pic,computer lesson presentation,,"portfolio,photo",TRUE,151,ACTIVE
152,128-school-meeting-room-01.jpg,128-school-meeting-room-01,jpg,Pic,Pic,school meeting room 01,,"portfolio,photo",TRUE,152,ACTIVE
153,129-school-meeting-room-02.jpg,129-school-meeting-room-02,jpg,Pic,Pic,school meeting room 02,,"portfolio,photo",TRUE,153,ACTIVE
154,130-chiang-rai-night-portrait.jpg,130-chiang-rai-night-portrait,jpg,Pic,Pic,chiang rai night portrait,,"portfolio,photo",TRUE,154,ACTIVE
155,131-sydney-opera-house-night.jpg,131-sydney-opera-house-night,jpg,Pic,Pic,sydney opera house night,,"portfolio,photo",TRUE,155,ACTIVE
156,132-international-rugby-team.jpg,132-international-rugby-team,jpg,Pic,Pic,international rugby team,,"portfolio,photo",TRUE,156,ACTIVE
157,133-webapp.png,133-webapp,png,Pic,Pic,webapp,,"portfolio,photo",TRUE,157,ACTIVE
158,134-webapp2.png,134-webapp2,png,Pic,Pic,webapp2,,"portfolio,photo",TRUE,158,ACTIVE
